cow,farmname,robotside,filename,directory,date,time,size,computer,animal_number,lactation_number,begin_time,end_time,yield,days_in_milk,conductivity_lf,conductivity_lr,conductivity_rf,conductivity_rr,mean_flow_lf,mean_flow_lr,mean_flow_rf,mean_flow_rr,milk_flow_duration,occ,peak_flow_lr,peak_flow_rf,peak_flow_rr,peak_flow_lf,teats_not_found,yield_lf,yield_lr,yield_rf,yield_rr,interval,kickoff,kickoff_lf,kickoff_lr,kickoff_milkings,kickoff_rf,kickoff_rr,alternative_attach,device_name,incomplete,is_incomplete,incomplete_milkings
764,laufenberg,right,0764_20231117_144922.bag,videos_1,20231117,14:49:54,3807979957,maria,764,5,2023-11-17 14:49:00,2:58 PM,18.84,164.0,4.29,4.25,4.36,6.13,1.14,1.2,1.14,0.6,382.0,,1.62,1.74,1.14,1.8,,5.83,6.79,5.37,0.85,08:58:24,,Unchecked,Unchecked,0.0,Unchecked,Unchecked,Normal,VMS_3,,Unchecked,0.0
902,laufenberg,right,0902_20231117_142952.bag,videos_1,20231117,14:30:30,4303784100,maria,902,4,2023-11-17 14:28:00,2:39 PM,22.49,65.0,5.29,4.51,,4.07,0.9,1.44,,1.44,422.0,,1.92,,1.86,1.26,,5.04,8.33,,9.12,13:45:15,,Unchecked,Unchecked,0.0,Unchecked,Unchecked,Normal,VMS_3,,Unchecked,0.0
970,laufenberg,right,0970_20231117_150812.bag,videos_1,20231117,15:08:38,2800097357,maria,970,4,2023-11-17 15:08:00,3:15 PM,22.4,165.0,4.16,3.98,3.89,3.92,1.44,1.68,1.5,1.5,310.0,,2.28,2.04,1.92,2.1,,4.37,6.26,4.94,6.83,12:23:12,,Unchecked,Unchecked,0.0,Unchecked,Unchecked,Normal,VMS_3,,Unchecked,0.0
973,laufenberg,right,0973_20231117_135700.bag,videos_1,20231117,13:57:48,5620008570,maria,973,3,2023-11-17 13:56:00,2:09 PM,26.54,313.0,4.66,4.42,4.34,4.32,1.02,1.08,0.78,0.84,558.0,,1.56,1.2,1.32,1.44,,6.68,6.64,6.2,7.02,19:20:32,,Unchecked,Unchecked,0.0,Unchecked,Unchecked,Normal,VMS_4,,Unchecked,0.0
1116,laufenberg,right,1116_20231117_141845.bag,videos_1,20231117,14:19:42,6708885177,maria,1116,3,2023-11-17 14:17:00,2:27 PM,24.88,105.0,4.4,4.36,4.48,4.32,1.14,1.44,1.26,1.32,362.0,,1.86,1.68,1.74,1.56,,4.62,7.62,5.75,6.89,12:23:57,,Unchecked,Unchecked,0.0,Unchecked,Unchecked,Normal,VMS_4,,Unchecked,0.0
1184,laufenberg,right,1184_20231117_172549.bag,videos_1,20231117,17:26:08,1592799059,maria,1184,3,2023-11-17 17:24:00,5:32 PM,16.67,4.0,4.13,4.22,4.34,4.0,2.04,1.74,1.5,1.74,213.0,,2.34,1.98,2.4,2.94,,3.58,4.99,3.5,4.6,10:53:25,,Unchecked,Unchecked,0.0,Unchecked,Unchecked,Normal,VMS_4,,Unchecked,0.0
1223,laufenberg,right,1223_20231117_110830.bag,videos_1,20231117,11:09:04,3923648168,maria,1223,2,2023-11-17 11:07:00,11:13 AM,9.82,312.0,4.14,4.1,4.22,3.96,1.32,1.44,1.38,1.38,165.0,,1.98,1.98,1.98,1.92,,2.1,3.01,2.36,2.35,05:54:42,,Unchecked,Unchecked,0.0,Unchecked,Unchecked,Normal,VMS_4,,Unchecked,0.0
1223,laufenberg,right,1223_20231117_160714.bag,videos_1,20231117,16:07:28,1424044502,maria,1223,2,2023-11-17 16:26:00,4:32 PM,9.81,312.0,3.99,4.16,4.21,3.99,0.84,1.26,1.02,1.02,203.0,,1.92,1.5,1.56,1.38,,1.97,3.12,2.32,2.4,05:12:51,,Unchecked,Unchecked,0.0,Unchecked,Unchecked,Normal,VMS_4,,Unchecked,0.0
1223,laufenberg,right,1223_20231117_162703.bag,videos_1,20231117,16:27:16,1396124589,maria,1223,2,2023-11-17 16:26:00,4:32 PM,9.81,312.0,3.99,4.16,4.21,3.99,0.84,1.26,1.02,1.02,203.0,,1.92,1.5,1.56,1.38,,1.97,3.12,2.32,2.4,05:12:51,,Unchecked,Unchecked,0.0,Unchecked,Unchecked,Normal,VMS_4,,Unchecked,0.0
1236,laufenberg,right,1236_20231117_142505.bag,videos_1,20231117,14:25:42,4112333268,maria,1236,2,2023-11-17 14:24:00,2:34 PM,15.9,203.0,4.38,4.46,4.38,4.59,0.72,0.72,1.14,0.78,446.0,8.0,1.02,1.56,1.08,1.02,,3.48,4.48,3.79,4.15,08:52:44,,Unchecked,Unchecked,0.0,Unchecked,Unchecked,Normal,VMS_2,,Unchecked,0.0
1261,laufenberg,right,1261_20231117_134027.bag,videos_1,20231117,13:41:08,4774026248,maria,1261,2,2023-11-17 13:39:00,1:48 PM,20.58,141.0,4.8,4.83,4.81,4.39,1.56,1.38,1.08,1.38,318.0,,1.8,1.68,1.86,2.46,,4.37,6.25,3.41,6.55,09:33:27,,Unchecked,Unchecked,0.0,Unchecked,Unchecked,Normal,VMS_4,,Unchecked,0.0
1262,laufenberg,right,1262_20231117_121934.bag,videos_1,20231117,12:19:56,2376087276,maria,1262,2,2023-11-17 12:18:00,12:30 PM,24.77,112.0,4.54,4.56,4.48,0.0,1.26,1.44,1.32,0.12,485.0,,2.46,2.04,0.24,1.98,RR,8.13,8.16,8.41,0.07,12:21:57,LR,Unchecked,Checked,1.0,Unchecked,Unchecked,Normal,VMS_4,,Unchecked,0.0
1271,laufenberg,right,1271_20231117_164614.bag,videos_1,20231117,16:46:48,3830368406,maria,1271,2,2023-11-17 16:46:00,4:56 PM,26.3,148.0,4.16,4.19,4.23,4.23,1.68,1.08,1.26,1.14,454.0,,1.56,1.74,1.56,2.34,,6.13,7.24,6.34,6.59,13:44:26,,Unchecked,Unchecked,0.0,Unchecked,Unchecked,Normal,VMS_3,,Unchecked,0.0
1281,laufenberg,right,1281_20231117_111109.bag,videos_1,20231117,11:11:42,3761340170,maria,1281,2,2023-11-17 11:08:00,11:20 AM,11.34,135.0,4.56,4.51,4.49,4.6,0.96,0.78,1.02,0.72,327.0,,1.32,1.68,1.26,1.62,,2.91,2.94,2.91,2.58,08:20:14,,Unchecked,Unchecked,0.0,Unchecked,Unchecked,Normal,VMS_3,,Unchecked,0.0
1288,laufenberg,right,1288_20231117_111541.bag,videos_1,20231117,11:16:00,2187082098,maria,1288,2,2023-11-17 11:14:00,11:28 AM,24.0,61.0,3.87,4.16,4.08,4.03,0.72,0.78,0.84,0.78,593.0,,1.26,1.26,1.5,1.02,,5.72,6.11,6.67,5.5,12:06:51,RR,Unchecked,Unchecked,1.0,Unchecked,Checked,Normal,VMS_4,,Unchecked,0.0
1291,laufenberg,right,1291_20231117_112153.bag,videos_1,20231117,11:22:08,1539712713,maria,1291,2,2023-11-17 11:21:00,11:27 AM,11.21,125.0,5.09,4.51,4.49,4.53,1.2,1.2,1.62,1.2,206.0,,1.68,2.46,1.56,1.74,,1.69,2.98,2.95,3.59,06:11:21,,Unchecked,Unchecked,0.0,Unchecked,Unchecked,Normal,VMS_3,,Unchecked,0.0
1293,laufenberg,right,1293_20231117_112814.bag,videos_1,20231117,11:28:30,1615495334,maria,1293,2,2023-11-17 11:28:00,11:37 AM,20.96,166.0,4.22,4.44,4.36,4.47,1.02,1.08,0.96,1.14,433.0,,1.68,1.38,1.62,1.38,,5.91,4.89,5.89,4.27,12:17:04,,Unchecked,Unchecked,0.0,Unchecked,Unchecked,Normal,VMS_3,,Unchecked,0.0
1295,laufenberg,right,1295_20231117_130928.bag,videos_1,20231117,13:09:54,2950439772,maria,1295,2,2023-11-17 13:07:00,1:16 PM,16.04,141.0,,4.23,4.34,4.11,,1.5,1.08,1.38,312.0,,1.92,1.74,1.86,,,,6.12,3.39,6.53,10:43:18,,Unchecked,Unchecked,0.0,Unchecked,Unchecked,Normal,VMS_4,,Unchecked,0.0
1300,laufenberg,right,1300_20231117_130153.bag,videos_1,20231117,13:02:18,2673278482,maria,1300,2,2023-11-17 13:00:00,1:06 PM,8.99,119.0,4.27,4.23,4.08,4.05,1.08,1.2,0.78,1.2,174.0,,1.86,1.26,1.74,1.44,,2.24,2.62,1.35,2.78,05:10:56,,Unchecked,Unchecked,0.0,Unchecked,Unchecked,Normal,VMS_4,,Unchecked,0.0
1315,laufenberg,right,1315_20231117_115302.bag,videos_1,20231117,11:53:22,2169905035,maria,1315,2,2023-11-17 11:52:00,12:03 PM,20.34,43.0,4.5,4.64,4.49,4.6,1.02,0.9,0.96,1.08,423.0,,1.5,1.32,1.5,1.38,,3.97,5.49,4.65,6.23,10:47:17,,Unchecked,Unchecked,0.0,Unchecked,Unchecked,Normal,VMS_3,,Unchecked,0.0
1320,laufenberg,right,1320_20231117_132737.bag,videos_1,20231117,13:27:56,2100876705,maria,1320,1,2023-11-17 13:26:00,1:36 PM,25.08,414.0,3.9,3.9,3.95,4.06,0.9,1.14,0.84,1.08,446.0,,1.68,1.26,1.68,1.32,,5.27,7.35,5.27,7.19,16:59:47,,Unchecked,Unchecked,0.0,Unchecked,Unchecked,Normal,VMS_3,,Unchecked,0.0
1325,laufenberg,right,1325_20231117_113835.bag,videos_1,20231117,11:39:10,3976722262,maria,1325,2,2023-11-17 11:38:00,11:45 AM,14.95,85.0,,4.71,4.76,4.6,,1.8,1.68,1.26,271.0,,2.52,2.22,1.68,,,,6.91,5.74,2.3,08:57:03,,Unchecked,Unchecked,0.0,Unchecked,Unchecked,Normal,VMS_3,,Unchecked,0.0
1329,laufenberg,right,1329_20231117_132115.bag,videos_1,20231117,13:21:44,3289467287,maria,1329,1,2023-11-17 13:18:00,1:28 PM,18.24,355.0,4.54,4.49,4.34,4.38,1.32,1.38,0.96,1.26,303.0,,1.8,1.32,1.68,1.92,,4.83,4.93,4.01,4.47,12:55:25,,Unchecked,Unchecked,0.0,Unchecked,Unchecked,Normal,VMS_4,,Unchecked,0.0
1335,laufenberg,right,1335_20231117_121441.bag,videos_1,20231117,12:15:02,2274830396,maria,1335,2,2023-11-17 12:13:00,12:20 PM,18.41,44.0,4.49,4.24,4.49,4.33,1.62,1.86,1.38,1.5,238.0,,2.4,1.98,2.04,2.1,,3.8,5.45,3.89,5.27,08:49:16,,Unchecked,Unchecked,0.0,Unchecked,Unchecked,Normal,VMS_3,,Unchecked,0.0
1354,laufenberg,right,1354_20231117_125009.bag,videos_1,20231117,12:50:36,3074085101,maria,1354,1,2023-11-17 12:49:00,12:59 PM,20.43,267.0,4.03,,4.02,4.06,1.62,,1.2,1.26,396.0,,,1.56,1.86,2.04,,6.88,,6.93,6.62,13:15:13,,Unchecked,Unchecked,0.0,Unchecked,Unchecked,Normal,VMS_3,,Unchecked,0.0
1359,laufenberg,right,1359_20231117_124049.bag,videos_1,20231117,12:41:10,2313493159,maria,1359,1,2023-11-17 12:39:00,12:48 PM,18.2,288.0,4.03,4.24,4.15,4.2,1.08,1.08,1.2,0.96,350.0,,1.62,1.68,1.26,1.56,,4.63,4.17,4.19,5.21,09:24:33,,Unchecked,Unchecked,0.0,Unchecked,Unchecked,Normal,VMS_3,,Unchecked,0.0
1360,laufenberg,right,1360_20231117_150535.bag,videos_1,20231117,15:06:16,4731782740,maria,1360,1,2023-11-17 15:05:00,3:12 PM,13.83,280.0,4.06,4.09,4.01,3.93,1.26,1.2,0.9,1.14,293.0,,1.62,1.44,1.74,1.68,,3.47,3.32,3.65,3.39,08:35:11,,Unchecked,Unchecked,0.0,Unchecked,Unchecked,Normal,VMS_4,,Unchecked,0.0
1360,laufenberg,right,1360_20231117_151517.bag,videos_1,20231117,15:15:40,2583492344,maria,1360,1,2023-11-17 15:05:00,3:12 PM,13.83,280.0,4.06,4.09,4.01,3.93,1.26,1.2,0.9,1.14,293.0,,1.62,1.44,1.74,1.68,,3.47,3.32,3.65,3.39,08:35:11,,Unchecked,Unchecked,0.0,Unchecked,Unchecked,Normal,VMS_4,,Unchecked,0.0
1376,laufenberg,right,1376_20231117_123958.bag,videos_1,20231117,12:40:18,2186674284,maria,1376,1,2023-11-17 12:39:00,12:44 PM,6.26,277.0,4.27,4.36,4.28,4.24,1.02,1.02,1.14,0.9,132.0,,1.44,1.74,1.32,1.86,,1.46,1.69,1.51,1.6,04:02:23,,Unchecked,Unchecked,0.0,Unchecked,Unchecked,Normal,VMS_4,,Unchecked,0.0
1389,laufenberg,right,1389_20231117_152844.bag,videos_1,20231117,15:29:02,1930591495,maria,1389,1,2023-11-17 15:28:00,3:38 PM,17.62,312.0,4.16,0.0,4.16,4.05,1.32,0.24,1.02,0.78,477.0,,0.78,1.38,1.02,1.92,,6.62,0.32,7.02,3.66,12:09:28,,Unchecked,Unchecked,0.0,Unchecked,Unchecked,Normal,VMS_3,,Unchecked,0.0
1396,laufenberg,right,1396_20231117_122138.bag,videos_1,20231117,12:22:06,3238838847,maria,1396,1,2023-11-17 12:21:00,12:28 PM,13.97,223.0,,4.37,4.42,4.46,,1.74,1.62,1.2,278.0,,2.28,2.46,1.5,,,,5.17,4.07,4.73,09:27:12,,Unchecked,Unchecked,0.0,Unchecked,Unchecked,Normal,VMS_3,,Unchecked,0.0
1397,laufenberg,right,1397_20231117_114638.bag,videos_1,20231117,11:47:12,3825157020,maria,1397,1,2023-11-17 11:46:00,11:51 AM,9.23,249.0,3.89,3.9,3.95,4.13,1.8,1.62,1.68,1.38,133.0,,2.22,2.28,1.8,2.46,,2.01,2.9,2.06,2.26,07:41:13,,Unchecked,Unchecked,0.0,Unchecked,Unchecked,Normal,VMS_3,,Unchecked,0.0
1399,laufenberg,right,1399_20231117_142847.bag,videos_1,20231117,14:29:08,2508932550,maria,1399,1,2023-11-17 14:28:00,2:37 PM,13.91,254.0,4.26,3.89,4.01,3.92,0.9,0.84,0.84,0.72,366.0,,1.14,1.14,1.02,1.32,,2.68,4.52,3.35,3.36,08:50:13,,Unchecked,Unchecked,0.0,Unchecked,Unchecked,Normal,VMS_4,,Unchecked,0.0
1401,laufenberg,right,1401_20231117_141034.bag,videos_1,20231117,14:11:02,3094027896,maria,1401,1,2023-11-17 14:09:00,2:16 PM,16.1,251.0,3.66,3.75,3.67,3.72,2.16,1.38,1.86,1.62,188.0,,1.92,2.4,2.1,2.88,,4.38,3.32,4.25,4.15,13:53:04,,Unchecked,Unchecked,0.0,Unchecked,Unchecked,Normal,VMS_4,,Unchecked,0.0
1404,laufenberg,right,1404_20231117_130822.bag,videos_1,20231117,13:08:42,2224522034,maria,1404,1,2023-11-17 13:07:00,1:16 PM,8.98,256.0,4.7,4.44,4.62,4.4,1.44,1.74,1.5,1.8,134.0,,2.52,2.1,2.4,1.98,,1.75,3.06,1.73,2.44,05:32:19,,Unchecked,Unchecked,0.0,Unchecked,Unchecked,Normal,VMS_3,,Unchecked,0.0
1409,laufenberg,right,1409_20231117_164140.bag,videos_1,20231117,16:41:58,1922614377,maria,1409,1,2023-11-17 16:40:00,4:47 PM,12.13,180.0,4.13,4.15,4.07,3.33,0.84,1.02,0.84,1.14,262.0,,1.56,1.32,1.56,1.08,,2.66,3.7,2.71,3.06,07:00:52,RR,Unchecked,Unchecked,1.0,Unchecked,Checked,Normal,VMS_4,,Unchecked,0.0
1410,laufenberg,right,1410_20231117_140610.bag,videos_1,20231117,14:06:42,3662848928,maria,1410,1,2023-11-17 14:06:00,2:16 PM,16.23,252.0,4.03,4.17,4.22,,0.72,1.14,0.78,,452.0,,1.5,1.14,,1.02,,4.22,6.76,5.25,,10:59:45,,Unchecked,Unchecked,0.0,Unchecked,Unchecked,Normal,VMS_3,,Unchecked,0.0
1412,laufenberg,right,1412_20231117_131754.bag,videos_1,20231117,13:18:24,3499318009,maria,1412,1,2023-11-17 13:17:00,1:25 PM,8.7,200.0,3.96,0.0,4.08,4.0,0.96,0.24,0.9,0.6,316.0,,0.6,1.56,1.02,1.62,,2.85,0.59,2.84,2.42,07:15:25,LF,Checked,Unchecked,1.0,Unchecked,Unchecked,Normal,VMS_3,,Unchecked,0.0
1414,laufenberg,right,1414_20231117_120922.bag,videos_1,20231117,12:09:38,1751106340,maria,1414,1,2023-11-17 12:08:00,12:17 PM,18.75,267.0,4.07,4.03,4.08,3.9,1.32,0.96,1.56,1.68,387.0,,1.44,1.98,2.46,1.8,,3.83,5.21,4.24,5.47,16:17:17,,Unchecked,Unchecked,0.0,Unchecked,Unchecked,Normal,VMS_4,,Unchecked,0.0
1417,laufenberg,right,1417_20231117_165013.bag,videos_1,20231117,16:50:36,2516909668,maria,1417,1,2023-11-17 16:49:00,4:56 PM,14.61,222.0,4.33,4.35,4.27,,1.5,1.2,1.62,,296.0,,1.62,2.1,,2.04,,4.59,5.07,4.95,,08:35:07,,Unchecked,Unchecked,0.0,Unchecked,Unchecked,Normal,VMS_4,,Unchecked,0.0
1419,laufenberg,right,1419_20231117_132922.bag,videos_1,20231117,13:30:06,5013747602,maria,1419,1,2023-11-17 13:28:00,1:38 PM,20.37,235.0,4.94,4.96,4.95,4.92,1.5,1.2,1.2,0.96,410.0,,1.68,1.56,1.38,2.04,,4.54,4.82,5.08,5.93,13:17:03,,Unchecked,Unchecked,0.0,Unchecked,Unchecked,Normal,VMS_4,,Unchecked,0.0
1422,laufenberg,right,1422_20231117_144116.bag,videos_1,20231117,14:41:40,2683206319,maria,1422,1,2023-11-17 14:40:00,2:48 PM,16.43,251.0,3.55,3.57,3.48,3.6,0.6,1.5,1.56,1.5,283.0,,2.04,2.16,2.04,1.38,,0.52,6.15,3.98,5.78,15:57:21,,Unchecked,Unchecked,0.0,Unchecked,Unchecked,Normal,VMS_3,,Unchecked,0.0
1423,laufenberg,right,1423_20231117_135006.bag,videos_1,20231117,13:51:04,6751536499,maria,1423,1,2023-11-17 13:48:00,1:55 PM,11.31,195.0,4.33,4.36,4.34,4.26,1.44,1.14,1.26,1.32,172.0,,1.5,1.74,1.74,1.92,,2.77,2.7,2.8,3.04,07:25:31,,Unchecked,Unchecked,0.0,Unchecked,Unchecked,Normal,VMS_4,,Unchecked,0.0
1424,laufenberg,right,1424_20231117_143759.bag,videos_1,20231117,14:38:24,2719918363,maria,1424,1,2023-11-17 14:37:00,2:43 PM,7.35,179.0,4.06,3.96,4.07,4.12,1.02,0.72,1.02,0.84,181.0,,1.08,1.5,1.2,1.56,,1.95,1.28,2.4,1.72,05:10:10,,Unchecked,Unchecked,0.0,Unchecked,Unchecked,Normal,VMS_4,,Unchecked,0.0
1432,laufenberg,right,1432_20231117_133858.bag,videos_1,20231117,13:39:42,5073168173,maria,1432,1,2023-11-17 13:37:00,1:46 PM,13.25,92.0,4.03,4.1,4.08,4.06,0.9,1.08,1.5,1.08,285.0,,1.44,2.1,1.44,1.32,,3.13,3.64,3.34,3.14,07:36:00,,Unchecked,Unchecked,0.0,Unchecked,Unchecked,Normal,VMS_3,,Unchecked,0.0
1434,laufenberg,right,1434_20231117_124532.bag,videos_1,20231117,12:46:00,3131555568,maria,1434,1,2023-11-17 12:44:00,12:53 PM,17.6,196.0,4.34,4.36,4.34,4.24,1.32,0.9,1.38,1.02,339.0,,1.44,1.8,1.68,1.68,,4.46,4.41,4.68,4.05,08:49:18,,Unchecked,Unchecked,0.0,Unchecked,Unchecked,Normal,VMS_4,,Unchecked,0.0
1441,laufenberg,right,1441_20231117_162056.bag,videos_1,20231117,16:21:14,1909425873,maria,1441,1,2023-11-17 16:20:00,4:27 PM,9.03,192.0,3.76,3.72,3.83,5.44,0.72,1.26,0.9,0.72,254.0,,1.74,1.26,1.2,1.26,,2.08,3.11,2.8,1.04,07:48:14,,Unchecked,Unchecked,0.0,Unchecked,Unchecked,Normal,VMS_3,,Unchecked,0.0
1442,laufenberg,right,1442_20231117_144458.bag,videos_1,20231117,14:45:54,6416497543,maria,1442,1,2023-11-17 14:44:00,2:53 PM,15.09,165.0,4.19,4.16,4.07,3.93,1.14,0.84,1.02,1.26,328.0,,1.26,1.32,1.62,1.62,,3.44,3.96,3.5,4.19,10:48:25,,Unchecked,Unchecked,0.0,Unchecked,Unchecked,Normal,VMS_4,,Unchecked,0.0
1443,laufenberg,right,1443_20231117_161630.bag,videos_1,20231117,16:16:46,1822900402,maria,1443,1,2023-11-17 16:15:00,4:26 PM,14.82,113.0,3.72,3.96,3.87,4.13,0.72,0.54,0.78,0.6,464.0,,0.84,1.08,0.84,1.02,,3.31,3.8,4.64,3.07,09:15:46,,Unchecked,Unchecked,0.0,Unchecked,Unchecked,Normal,VMS_4,,Unchecked,0.0
1456,laufenberg,right,1456_20231117_163305.bag,videos_1,20231117,16:33:20,1560878335,maria,1456,1,2023-11-17 16:32:00,4:40 PM,11.75,131.0,3.93,4.02,4.01,4.12,0.72,1.02,1.08,0.84,302.0,,1.32,1.86,1.14,1.14,,2.64,3.13,2.97,3.01,07:54:02,,Unchecked,Unchecked,0.0,Unchecked,Unchecked,Normal,VMS_4,,Unchecked,0.0
1457,laufenberg,right,1457_20231117_145604.bag,videos_1,20231117,14:56:44,4533897695,maria,1457,1,2023-11-17 14:53:00,3:04 PM,18.75,38.0,4.39,4.43,4.48,4.39,1.26,1.08,1.14,1.02,372.0,,1.56,1.44,1.44,1.68,,4.59,4.15,4.49,5.52,11:14:56,,Unchecked,Unchecked,0.0,Unchecked,Unchecked,Normal,VMS_4,,Unchecked,0.0
1458,laufenberg,right,1458_20231117_135837.bag,videos_1,20231117,13:58:52,1749883513,maria,1458,1,2023-11-17 13:58:00,2:03 PM,11.96,52.0,,3.77,3.95,3.8,,1.56,1.38,1.32,211.0,,1.98,2.04,1.8,,,,4.15,3.88,3.93,07:50:55,,Unchecked,Unchecked,0.0,Unchecked,Unchecked,Normal,VMS_3,,Unchecked,0.0
1460,laufenberg,right,1460_20231117_115153.bag,videos_1,20231117,11:52:24,3450232474,maria,1460,1,2023-11-17 11:51:00,12:01 PM,11.72,107.0,4.01,4.16,4.08,4.1,0.54,0.54,0.48,0.6,433.0,,0.9,0.78,1.02,1.2,,2.53,3.38,2.54,3.27,08:28:39,RR,Unchecked,Unchecked,1.0,Unchecked,Checked,Normal,VMS_4,,Unchecked,0.0
1461,laufenberg,right,1461_20231117_123203.bag,videos_1,20231117,12:32:30,3078888673,maria,1461,1,2023-11-17 12:31:00,12:38 PM,16.47,74.0,4.2,4.16,4.14,3.91,1.32,1.38,1.08,1.08,268.0,,1.92,1.56,1.44,1.86,,4.04,4.72,4.04,3.67,10:46:29,,Unchecked,Unchecked,0.0,Unchecked,Unchecked,Normal,VMS_4,,Unchecked,0.0
1462,laufenberg,right,1462_20231117_134845.bag,videos_1,20231117,13:49:12,3107216400,maria,1462,1,2023-11-17 13:47:00,1:54 PM,16.28,17.0,3.9,3.77,3.88,3.79,2.16,1.68,1.98,1.5,207.0,,2.4,2.7,1.98,2.94,,4.39,3.96,3.94,3.99,11:14:16,,Unchecked,Unchecked,0.0,Unchecked,Unchecked,Normal,VMS_3,,Unchecked,0.0
1463,laufenberg,right,1463_20231117_141744.bag,videos_1,20231117,14:18:06,2397252898,maria,1463,1,2023-11-17 14:17:00,2:28 PM,24.39,72.0,4.5,4.51,4.68,4.6,0.9,1.32,0.84,0.9,510.0,,1.86,1.2,1.2,1.44,,5.02,7.44,5.12,6.81,12:44:47,,Unchecked,Unchecked,0.0,Unchecked,Unchecked,Normal,VMS_3,,Unchecked,0.0
1468,laufenberg,right,1468_20231117_113916.bag,videos_1,20231117,11:41:04,12744797771,maria,1468,1,2023-11-17 11:38:00,11:50 AM,18.77,77.0,4.34,3.9,4.35,4.23,1.08,0.96,0.96,0.9,432.0,,1.44,1.26,1.2,1.5,,4.14,6.13,4.03,4.47,12:20:12,,Unchecked,Unchecked,0.0,Unchecked,Unchecked,Normal,VMS_4,,Unchecked,0.0
1468,laufenberg,right,1468_20231117_114137.bag,videos_1,20231117,11:41:58,2188625003,maria,1468,1,2023-11-17 11:38:00,11:50 AM,18.77,77.0,4.34,3.9,4.35,4.23,1.08,0.96,0.96,0.9,432.0,,1.44,1.26,1.2,1.5,,4.14,6.13,4.03,4.47,12:20:12,,Unchecked,Unchecked,0.0,Unchecked,Unchecked,Normal,VMS_4,,Unchecked,0.0
1470,laufenberg,right,1470_20231117_145926.bag,videos_1,20231117,14:59:58,3786494257,maria,1470,1,2023-11-17 14:58:00,3:05 PM,12.03,39.0,4.23,4.18,4.23,4.18,1.62,1.62,1.44,1.08,215.0,,2.52,2.34,1.56,2.82,,2.98,3.16,2.84,3.05,09:30:50,,Unchecked,Unchecked,0.0,Unchecked,Unchecked,Normal,VMS_3,,Unchecked,0.0
1471,laufenberg,right,1471_20231117_161255.bag,videos_1,20231117,16:13:10,1583586862,maria,1471,1,2023-11-17 16:12:00,4:19 PM,16.91,44.0,4.42,4.25,4.03,4.32,1.2,1.08,0.96,1.32,297.0,,1.56,1.5,1.86,1.62,,3.59,4.4,4.01,4.91,10:04:11,,Unchecked,Unchecked,0.0,Unchecked,Unchecked,Normal,VMS_3,,Unchecked,0.0
1472,laufenberg,right,1472_20231117_122932.bag,videos_1,20231117,12:29:52,2189847830,maria,1472,1,2023-11-17 12:28:00,12:38 PM,11.97,60.0,3.69,3.71,3.82,3.79,0.9,0.6,0.9,0.6,413.0,,1.14,1.26,0.9,1.38,,2.97,2.86,3.46,2.68,11:59:08,,Unchecked,Unchecked,0.0,Unchecked,Unchecked,Normal,VMS_3,,Unchecked,0.0
1473,laufenberg,right,1473_20231117_105808.bag,videos_1,20231117,10:58:30,2461069842,maria,1473,1,2023-11-17 10:57:00,11:05 AM,16.73,21.0,4.56,4.51,4.22,4.67,0.84,1.44,0.78,1.26,299.0,,1.98,1.08,1.86,1.32,,2.78,5.63,3.2,5.12,10:11:40,,Unchecked,Unchecked,0.0,Unchecked,Unchecked,Normal,VMS_3,,Unchecked,0.0
1475,laufenberg,right,1475_20231117_162805.bag,videos_1,20231117,16:28:20,1683300837,maria,1475,1,2023-11-17 16:27:00,4:34 PM,19.68,39.0,4.23,4.13,4.23,4.23,1.8,1.5,1.5,1.86,274.0,,2.16,2.28,2.4,2.4,,4.26,5.77,4.07,5.58,10:43:05,,Unchecked,Unchecked,0.0,Unchecked,Unchecked,Normal,VMS_3,,Unchecked,0.0
1476,laufenberg,right,1476_20231117_171509.bag,videos_1,20231117,17:15:26,1894694464,maria,1476,1,2023-11-17 17:14:00,5:24 PM,10.78,33.0,3.99,3.95,4.0,4.14,0.66,0.54,0.66,0.48,409.0,,0.84,0.9,0.78,0.9,,2.65,2.68,2.75,2.7,09:20:49,,Unchecked,Unchecked,0.0,Unchecked,Unchecked,Normal,VMS_4,,Unchecked,0.0
1478,laufenberg,right,1478_20231117_160449.bag,videos_1,20231117,16:05:06,1965265699,maria,1478,1,2023-11-17 16:03:00,4:10 PM,13.6,72.0,4.22,4.05,4.23,4.19,1.14,1.38,1.44,1.02,227.0,,1.86,1.92,1.62,1.62,,3.19,3.87,3.46,3.08,09:39:28,,Unchecked,Unchecked,0.0,Unchecked,Unchecked,Normal,VMS_3,,Unchecked,0.0
1479,laufenberg,right,1479_20231117_172226.bag,videos_1,20231117,17:22:50,2720326177,maria,1479,1,2023-11-17 17:22:00,5:29 PM,10.92,4.0,4.02,4.06,4.16,4.1,0.72,0.9,0.96,0.72,293.0,,1.26,1.32,1.02,1.08,,2.83,2.72,3.05,2.32,09:58:07,,Unchecked,Unchecked,0.0,Unchecked,Unchecked,Normal,VMS_3,,Unchecked,0.0
1483,laufenberg,right,1483_20231117_163850.bag,videos_1,20231117,16:39:06,1755094899,maria,1483,1,2023-11-17 16:35:00,4:45 PM,16.26,23.0,3.96,3.86,3.97,3.96,1.38,1.32,1.44,1.08,290.0,,1.92,1.98,1.5,2.04,,3.89,4.12,3.65,4.6,09:42:46,,Unchecked,Unchecked,0.0,Unchecked,Unchecked,Normal,VMS_3,,Unchecked,0.0
1486,laufenberg,right,1486_20231117_125458.bag,videos_1,20231117,12:55:20,2309504600,maria,1486,1,2023-11-17 12:53:00,1:00 PM,12.5,64.0,4.14,4.03,4.21,3.98,1.32,1.68,1.32,1.74,190.0,,2.1,1.8,2.82,1.86,,3.14,3.39,3.24,2.73,09:04:30,,Unchecked,Unchecked,0.0,Unchecked,Unchecked,Normal,VMS_4,,Unchecked,0.0
1487,laufenberg,right,1487_20231117_120420.bag,videos_1,20231117,12:04:56,4120310386,maria,1487,1,2023-11-17 12:03:00,12:11 PM,13.78,25.0,4.23,4.24,4.36,4.13,0.84,1.2,0.9,1.02,291.0,,1.68,1.32,1.38,1.14,,3.14,4.13,2.89,3.62,08:31:54,,Unchecked,Unchecked,0.0,Unchecked,Unchecked,Normal,VMS_3,,Unchecked,0.0
1495,laufenberg,right,1495_20231117_110027.bag,videos_1,20231117,11:01:08,4694662882,maria,1495,1,2023-11-17 11:00:00,11:06 AM,12.34,21.0,4.07,4.03,4.22,4.1,1.32,0.78,1.32,0.9,248.0,,1.2,1.92,1.38,1.86,,3.2,2.55,3.57,3.02,10:02:46,,Unchecked,Unchecked,0.0,Unchecked,Unchecked,Normal,VMS_4,,Unchecked,0.0
1503,laufenberg,right,1503_20231117_170540.bag,videos_1,20231117,17:06:02,9749305,maria,1503,1,2023-11-17 17:04:00,5:12 PM,11.43,7.0,4.22,4.13,4.29,4.1,1.32,0.84,1.32,0.6,304.0,,1.2,1.74,0.84,1.86,,3.03,2.56,3.13,2.71,09:33:09,,Unchecked,Unchecked,0.0,Unchecked,Unchecked,Normal,VMS_3,,Unchecked,0.0
1504,laufenberg,right,1504_20231117_165817.bag,videos_1,20231117,16:58:34,1853586047,maria,1504,1,2023-11-17 16:57:00,5:03 PM,3.69,12.0,4.76,4.46,5.1,4.3,0.36,0.48,0.54,0.54,201.0,,0.72,0.96,0.78,0.66,,0.66,0.77,0.95,1.31,09:20:00,,Unchecked,Unchecked,0.0,Unchecked,Unchecked,Normal,VMS_3,,Unchecked,0.0
1511,laufenberg,right,1511_20231117_171404.bag,videos_1,20231117,17:14:28,125500272,maria,1511,1,2023-11-17 17:13:00,5:19 PM,8.12,3.0,4.56,4.53,4.63,4.64,1.5,1.32,1.32,1.38,134.0,,2.16,2.1,2.1,2.34,,2.13,2.19,2.1,1.7,09:29:35,All,Checked,Checked,1.0,Checked,Checked,Normal,VMS_3,,Unchecked,0.0
855,laufenberg,right,855_20231117_170701.bag,videos_1,20231117,17:07:30,14829,maria,855,5,2023-11-17 17:06:00,5:12 PM,7.04,0.0,4.33,4.28,,4.34,1.08,0.78,,0.96,216.0,,1.44,,1.62,1.44,,3.07,1.78,,2.19,10:48:05,,Unchecked,Unchecked,0.0,Unchecked,Unchecked,Normal,VMS_4,,Unchecked,0.0
1003,laufenberg,left,1003_20231117_163646.bag,videos_2,20231117,16:36:56,1247122535,guilherme,1003,3,2023-11-17 16:35:00,4:43 PM,14.26,114.0,,4.48,4.47,4.42,,1.08,1.5,1.56,310.0,25.0,1.68,1.92,2.1,,,,4.2,4.83,5.23,08:09:45,,Unchecked,Unchecked,0.0,Unchecked,Unchecked,Normal,VMS_1,,Unchecked,0.0
1039,laufenberg,left,1039_20231117_120824.bag,videos_2,20231117,12:08:44,2423789589,guilherme,1039,3,2023-11-17 12:08:00,12:16 PM,18.52,302.0,4.64,5.22,4.87,4.76,1.26,1.32,0.78,1.38,349.0,62.0,1.8,1.08,1.92,1.92,,4.52,4.93,3.49,5.58,10:49:00,,Unchecked,Unchecked,0.0,Unchecked,Unchecked,Normal,VMS_1,,Unchecked,0.0
1040,laufenberg,left,1040_20231117_172657.bag,videos_2,20231117,17:27:30,3490161685,guilherme,1040,3,2023-11-17 17:25:00,5:38 PM,25.0,213.0,4.92,4.66,4.71,4.67,0.9,0.96,1.2,1.26,530.0,154.0,1.32,1.74,1.62,1.2,,4.15,7.64,4.59,8.62,09:47:28,,Unchecked,Unchecked,0.0,Unchecked,Unchecked,Normal,VMS_2,,Unchecked,0.0
1057,laufenberg,left,1057_20231117_140050.bag,videos_2,20231117,14:01:12,2527603715,guilherme,1057,4,2023-11-17 14:00:00,2:15 PM,27.07,20.0,4.18,4.42,4.2,4.29,0.9,1.02,1.14,0.96,593.0,22.0,1.62,1.56,1.38,1.26,,5.1,6.12,8.64,7.21,12:46:37,,Unchecked,Unchecked,0.0,Unchecked,Unchecked,Normal,VMS_1,,Unchecked,0.0
1074,laufenberg,left,1074_20231117_145637.bag,videos_2,20231117,14:56:58,2242570271,guilherme,1074,3,2023-11-17 14:56:00,3:03 PM,16.4,222.0,4.65,4.66,4.52,4.6,1.44,1.38,1.26,1.32,303.0,17.0,1.74,1.8,1.68,1.98,,3.05,5.19,2.43,5.73,07:36:13,,Unchecked,Unchecked,0.0,Unchecked,Unchecked,Normal,VMS_2,,Unchecked,0.0
1084,laufenberg,left,1084_20231117_150625.bag,videos_2,20231117,15:06:38,1537376667,guilherme,1084,3,2023-11-17 15:04:00,3:15 PM,24.06,150.0,4.58,4.53,4.52,4.53,1.32,1.14,1.02,1.2,401.0,5.0,1.56,1.5,1.56,1.8,,5.48,6.72,4.98,6.88,11:03:24,,Unchecked,Unchecked,0.0,Unchecked,Unchecked,Normal,VMS_2,,Unchecked,0.0
1089,laufenberg,left,1089_20231117_134638.bag,videos_2,20231117,13:47:04,2540679858,guilherme,1089,3,2023-11-17 13:46:00,1:52 PM,19.61,201.0,4.45,4.39,4.51,4.53,1.68,1.56,1.8,1.68,229.0,11.0,2.22,2.64,2.1,2.4,,4.33,4.93,4.78,5.57,07:56:25,,Unchecked,Unchecked,0.0,Unchecked,Unchecked,Normal,VMS_2,,Unchecked,0.0
1098,laufenberg,left,1098_20231117_115632.bag,videos_2,20231117,11:56:58,3050667196,guilherme,1098,3,2023-11-17 11:56:00,12:05 PM,21.75,252.0,5.31,5.29,4.87,5.16,1.2,1.02,1.68,1.02,372.0,97.0,1.38,2.22,1.38,1.62,,3.83,5.67,6.58,5.67,09:10:52,,Unchecked,Unchecked,0.0,Unchecked,Unchecked,Normal,VMS_1,,Unchecked,0.0
1100,laufenberg,left,1100_20231117_150524.bag,videos_2,20231117,15:05:40,1776947727,guilherme,1100,3,2023-11-17 15:04:00,3:11 PM,14.18,284.0,4.85,4.82,4.8,4.83,0.96,1.38,1.02,1.5,228.0,142.0,2.16,1.56,2.04,1.44,,2.79,4.35,2.89,4.15,07:28:54,,Unchecked,Unchecked,0.0,Unchecked,Unchecked,Normal,VMS_1,,Unchecked,0.0
1127,laufenberg,left,1127_20231117_144642.bag,videos_2,20231117,14:47:02,2358678106,guilherme,1127,3,2023-11-17 14:46:00,2:55 PM,21.06,42.0,4.38,4.33,4.31,4.46,0.96,1.26,1.08,1.38,395.0,25.0,1.86,1.68,1.86,1.44,,5.35,5.92,5.61,4.18,08:07:12,,Unchecked,Unchecked,0.0,Unchecked,Unchecked,Normal,VMS_2,,Unchecked,0.0
1139,laufenberg,left,1139_20231117_114132.bag,videos_2,20231117,11:41:48,1948637392,guilherme,1139,3,2023-11-17 11:41:00,11:55 AM,24.65,54.0,4.44,4.56,4.53,4.43,0.54,0.9,0.78,0.84,720.0,17.0,1.44,1.2,1.26,0.96,,5.31,6.85,4.95,7.54,10:40:44,,Unchecked,Unchecked,0.0,Unchecked,Unchecked,Normal,VMS_1,,Unchecked,0.0
1144,laufenberg,left,1144_20231117_130218.bag,videos_2,20231117,13:02:40,2575514057,guilherme,1144,3,2023-11-17 13:02:00,1:10 PM,22.94,86.0,4.38,4.15,4.19,4.09,1.68,1.44,1.68,1.68,344.0,42.0,1.98,2.28,2.34,2.34,,4.33,7.39,4.29,6.93,09:52:04,,Unchecked,Unchecked,0.0,Unchecked,Unchecked,Normal,VMS_1,,Unchecked,0.0
1148,laufenberg,left,1148_20231117_163359.bag,videos_2,20231117,16:34:16,1951089212,guilherme,1148,3,2023-11-17 16:32:00,4:40 PM,16.61,129.0,4.65,5.27,4.58,5.07,1.56,1.68,1.5,1.08,266.0,600.0,2.34,2.16,1.62,2.16,,4.48,4.18,4.85,3.1,07:32:32,,Unchecked,Unchecked,0.0,Unchecked,Unchecked,Normal,VMS_2,,Unchecked,0.0
1151,laufenberg,left,1151_20231117_145552.bag,videos_2,20231117,14:56:14,2298155123,guilherme,1151,3,2023-11-17 14:55:00,3:01 PM,18.48,110.0,4.51,4.55,4.47,4.62,2.04,1.74,1.92,1.98,248.0,1088.0,2.64,2.7,3.18,2.58,,4.17,4.03,4.53,5.75,07:33:06,,Unchecked,Unchecked,0.0,Unchecked,Unchecked,Normal,VMS_1,,Unchecked,0.0
1153,laufenberg,left,1153_20231117_143046.bag,videos_2,20231117,14:31:04,1999321516,guilherme,1153,3,2023-11-17 14:30:00,2:36 PM,16.71,75.0,4.58,4.55,4.33,4.56,1.68,1.92,1.68,1.8,231.0,28.0,2.64,2.22,2.58,2.34,,3.76,4.27,4.7,3.98,05:16:22,,Unchecked,Unchecked,0.0,Unchecked,Unchecked,Normal,VMS_1,,Unchecked,0.0
1159,laufenberg,left,1159_20231117_171700.bag,videos_2,20231117,17:17:16,1888747555,guilherme,1159,3,2023-11-17 17:16:00,5:25 PM,16.47,9.0,4.65,5.06,4.71,4.6,0.96,0.84,1.2,1.08,368.0,782.0,1.14,1.74,1.38,1.56,,5.18,3.01,4.57,3.71,10:45:49,,Unchecked,Unchecked,0.0,Unchecked,Unchecked,Normal,VMS_2,,Unchecked,0.0
1163,laufenberg,left,1163_20231117_164620.bag,videos_2,20231117,16:46:38,2196197082,guilherme,1163,3,2023-11-17 16:46:00,4:57 PM,19.52,100.0,0.0,4.08,4.0,4.02,0.3,0.9,0.66,0.78,572.0,11.0,1.38,1.08,1.2,0.96,,0.51,7.44,5.17,6.4,08:07:34,,Unchecked,Unchecked,0.0,Unchecked,Unchecked,Normal,VMS_1,,Unchecked,0.0
1164,laufenberg,left,1164_20231117_151515.bag,videos_2,20231117,15:15:32,1855576094,guilherme,1164,3,2023-11-17 15:14:00,3:20 PM,17.73,23.0,4.11,4.08,4.07,4.09,1.98,1.44,1.8,1.8,234.0,31.0,2.16,2.58,2.34,2.76,,4.16,4.73,4.52,4.32,06:08:43,,Unchecked,Unchecked,0.0,Unchecked,Unchecked,Normal,VMS_1,,Unchecked,0.0
1168,laufenberg,left,1168_20231117_111157.bag,videos_2,20231117,11:12:32,4127507981,guilherme,1168,3,2023-11-17 11:11:00,11:25 AM,24.85,61.0,4.57,4.69,4.46,4.76,0.66,0.78,0.66,0.9,651.0,220.0,1.2,1.08,1.38,1.14,,6.17,6.93,5.99,5.76,08:42:29,,Unchecked,Unchecked,0.0,Unchecked,Unchecked,Normal,VMS_1,,Unchecked,0.0
1171,laufenberg,left,1171_20231117_170904.bag,videos_2,20231117,17:09:22,2149508737,guilherme,1171,2,2023-11-17 17:07:00,5:16 PM,23.9,318.0,4.78,4.75,4.74,4.76,1.44,1.86,1.62,1.86,311.0,131.0,2.46,2.1,2.34,1.8,,6.31,6.24,6.21,5.14,13:38:18,,Unchecked,Unchecked,0.0,Unchecked,Unchecked,Normal,VMS_1,,Unchecked,0.0
1171,laufenberg,left,1171_20231117_170924.bag,videos_2,20231117,17:09:42,2060440148,guilherme,1171,2,2023-11-17 17:07:00,5:16 PM,23.9,318.0,4.78,4.75,4.74,4.76,1.44,1.86,1.62,1.86,311.0,131.0,2.46,2.1,2.34,1.8,,6.31,6.24,6.21,5.14,13:38:18,,Unchecked,Unchecked,0.0,Unchecked,Unchecked,Normal,VMS_1,,Unchecked,0.0
1173,laufenberg,left,1173_20231117_174946.bag,videos_2,20231117,17:50:02,1921913340,guilherme,1173,3,2023-11-17 17:47:00,5:59 PM,21.7,6.0,4.23,4.2,4.36,4.3,0.96,0.84,0.84,0.84,472.0,,1.38,1.2,1.32,1.32,,5.65,5.6,4.65,5.8,11:30:58,,Unchecked,Unchecked,0.0,Unchecked,Unchecked,Normal,VMS_3,,Unchecked,0.0
1177,laufenberg,left,1177_20231117_171845.bag,videos_2,20231117,17:19:00,1826087806,guilherme,1177,3,2023-11-17 17:18:00,5:32 PM,31.52,20.0,4.31,4.15,4.21,,1.08,1.44,0.9,,744.0,14.0,1.98,1.26,,1.56,,9.62,11.92,9.98,,17:42:19,,Unchecked,Unchecked,0.0,Unchecked,Unchecked,Normal,VMS_1,,Unchecked,0.0
1192,laufenberg,left,1192_20231117_135119.bag,videos_2,20231117,13:51:52,3894384480,guilherme,1192,2,2023-11-17 13:51:00,1:57 PM,14.01,353.0,4.58,4.56,4.53,4.36,1.08,1.26,1.02,1.5,242.0,5.0,1.68,1.38,1.92,1.56,,3.3,3.12,2.83,4.76,07:53:25,,Unchecked,Unchecked,0.0,Unchecked,Unchecked,Normal,VMS_1,,Unchecked,0.0
1200,laufenberg,left,1200_20231117_161152.bag,videos_2,20231117,16:12:08,1748997770,guilherme,1200,2,2023-11-17 16:11:00,4:18 PM,13.24,356.0,4.31,4.33,4.24,4.4,1.32,0.84,1.14,0.84,280.0,20.0,1.08,1.62,1.08,1.8,,3.7,2.66,3.63,3.25,09:24:41,,Unchecked,Unchecked,0.0,Unchecked,Unchecked,Normal,VMS_2,,Unchecked,0.0
1212,laufenberg,left,1212_20231117_143536.bag,videos_2,20231117,14:35:58,2507639460,guilherme,1212,2,2023-11-17 14:35:00,2:42 PM,20.88,282.0,,4.13,4.31,3.93,,1.8,1.74,1.92,294.0,177.0,2.28,2.34,2.34,,,,8.1,4.85,7.93,12:52:58,,Unchecked,Unchecked,0.0,Unchecked,Unchecked,Normal,VMS_2,,Unchecked,0.0
1219,laufenberg,left,1219_20231117_175155.bag,videos_2,20231117,17:52:22,2342762128,guilherme,1219,2,2023-11-17 17:49:00,5:59 PM,16.52,306.0,4.65,5.26,4.45,4.54,1.5,0.72,1.44,1.02,302.0,271.0,1.08,2.22,1.44,1.98,,5.03,2.4,4.65,4.44,10:21:23,,Unchecked,Unchecked,0.0,Unchecked,Unchecked,Normal,VMS_2,,Unchecked,0.0
1231,laufenberg,left,1231_20231117_134357.bag,videos_2,20231117,13:44:22,2527790500,guilherme,1231,2,2023-11-17 13:43:00,1:50 PM,17.7,185.0,4.52,4.42,4.6,4.42,1.44,1.2,1.32,1.32,266.0,14.0,1.62,1.8,1.86,1.92,,4.32,4.46,4.79,4.13,07:12:06,,Unchecked,Unchecked,0.0,Unchecked,Unchecked,Normal,VMS_1,,Unchecked,0.0
1233,laufenberg,left,1233_20231117_132057.bag,videos_2,20231117,13:21:46,5748608605,guilherme,1233,2,2023-11-17 13:20:00,1:29 PM,20.65,246.0,4.18,4.22,4.06,4.29,1.2,1.02,1.38,0.96,383.0,28.0,1.44,1.92,1.38,1.74,,4.9,5.48,4.99,5.28,11:52:16,,Unchecked,Unchecked,0.0,Unchecked,Unchecked,Normal,VMS_1,,Unchecked,0.0
1240,laufenberg,left,1240_20231117_143755.bag,videos_2,20231117,14:38:16,2379868228,guilherme,1240,2,2023-11-17 14:37:00,2:45 PM,18.29,231.0,4.32,4.28,4.26,4.29,0.9,1.02,1.02,1.2,355.0,11.0,1.5,1.38,1.62,1.26,,4.31,4.45,4.35,5.18,08:12:20,,Unchecked,Unchecked,0.0,Unchecked,Unchecked,Normal,VMS_1,,Unchecked,0.0
1243,laufenberg,left,1243_20231117_121712.bag,videos_2,20231117,12:17:32,2197107981,guilherme,1243,2,2023-11-17 12:17:00,12:23 PM,21.53,246.0,4.18,4.15,4.2,4.16,1.8,1.98,1.74,1.8,240.0,31.0,2.46,2.28,2.34,2.34,,4.88,6.83,4.6,5.22,12:28:34,,Unchecked,Unchecked,0.0,Unchecked,Unchecked,Normal,VMS_1,,Unchecked,0.0
1246,laufenberg,left,1246_20231117_164243.bag,videos_2,20231117,16:42:54,1389641180,guilherme,1246,2,2023-11-17 16:40:00,4:50 PM,18.64,248.0,4.92,4.46,4.38,4.73,0.78,1.26,1.56,1.08,350.0,31.0,1.68,2.16,1.44,1.26,,2.26,6.68,5.53,4.17,10:01:04,,Unchecked,Unchecked,0.0,Unchecked,Unchecked,Normal,VMS_2,,Unchecked,0.0
1263,laufenberg,left,1263_20231117_124403.bag,videos_2,20231117,12:44:24,2411811036,guilherme,1263,2,2023-11-17 12:43:00,12:49 PM,12.37,184.0,4.31,4.29,4.39,4.29,1.32,1.5,1.26,1.38,206.0,100.0,2.04,1.74,1.86,1.74,,2.37,3.7,3.17,3.13,05:51:10,,Unchecked,Unchecked,0.0,Unchecked,Unchecked,Normal,VMS_1,,Unchecked,0.0
1266,laufenberg,left,1266_20231117_162000.bag,videos_2,20231117,16:20:14,1542595385,guilherme,1266,2,2023-11-17 16:19:00,4:32 PM,27.4,222.0,4.25,4.33,4.37,4.33,0.78,0.96,1.02,1.2,630.0,17.0,1.44,1.44,1.5,1.2,,5.83,8.99,5.02,7.56,15:29:35,,Unchecked,Unchecked,0.0,Unchecked,Unchecked,Normal,VMS_2,,Unchecked,0.0
1267,laufenberg,left,1267_20231117_162510.bag,videos_2,20231117,16:25:26,1807658122,guilherme,1267,2,2023-11-17 16:24:00,4:35 PM,23.4,264.0,4.11,4.28,3.93,4.15,1.02,0.84,0.84,0.78,484.0,14.0,1.56,1.44,1.2,1.62,,6.85,5.74,5.89,4.92,20:36:38,,Unchecked,Unchecked,0.0,Unchecked,Unchecked,Normal,VMS_1,,Unchecked,0.0
1273,laufenberg,left,1273_20231117_160411.bag,videos_2,20231117,16:04:24,1530616820,guilherme,1273,2,2023-11-17 16:02:00,4:11 PM,15.42,206.0,4.11,4.13,4.17,4.06,1.08,1.14,1.02,1.14,284.0,22.0,1.56,1.62,1.68,1.62,,3.61,3.85,3.67,4.29,08:57:56,,Unchecked,Unchecked,0.0,Unchecked,Unchecked,Normal,VMS_2,,Unchecked,0.0
1276,laufenberg,left,1276_20231117_144729.bag,videos_2,20231117,14:47:48,2209401502,guilherme,1276,2,2023-11-17 14:47:00,2:55 PM,18.04,117.0,4.25,4.08,4.06,4.02,1.2,0.96,1.08,1.44,320.0,28.0,1.32,1.44,1.86,1.62,,4.11,4.54,3.91,5.48,06:29:34,,Unchecked,Unchecked,0.0,Unchecked,Unchecked,Normal,VMS_1,,Unchecked,0.0
1277,laufenberg,left,1277_20231117_133850.bag,videos_2,20231117,13:39:18,3270274001,guilherme,1277,2,2023-11-17 13:37:00,1:45 PM,14.06,175.0,4.31,,,4.26,1.92,,,1.68,328.0,68.0,,,2.16,2.58,,5.94,,,8.12,07:31:11,,Unchecked,Unchecked,0.0,Unchecked,Unchecked,Normal,VMS_2,,Unchecked,0.0
1279,laufenberg,left,1279_20231117_161747.bag,videos_2,20231117,16:18:00,1577305177,guilherme,1279,2,2023-11-17 16:16:00,4:23 PM,16.85,58.0,4.51,4.48,4.47,4.42,1.32,1.5,1.44,1.44,262.0,40.0,2.28,1.8,2.04,1.8,,3.62,4.04,3.97,5.22,07:30:06,,Unchecked,Unchecked,0.0,Unchecked,Unchecked,Normal,VMS_1,,Unchecked,0.0
1305,laufenberg,left,1305_20231117_133315.bag,videos_2,20231117,13:33:34,2262849682,guilherme,1305,2,2023-11-17 13:31:00,1:42 PM,20.87,90.0,3.78,3.88,4.0,,1.2,1.02,1.2,,444.0,48.0,1.38,1.68,,1.62,,7.66,6.47,6.74,,09:43:56,,Unchecked,Unchecked,0.0,Unchecked,Unchecked,Normal,VMS_1,,Unchecked,0.0
1314,laufenberg,left,1314_20231117_174109.bag,videos_2,20231117,17:41:24,1892737562,guilherme,1314,2,2023-11-17 17:40:00,5:46 PM,11.01,1.0,4.96,4.87,4.83,4.9,1.08,1.14,1.08,1.32,210.0,,1.56,1.5,1.8,1.68,,2.59,2.98,2.55,2.89,11:28:07,,Unchecked,Unchecked,0.0,Unchecked,Unchecked,Normal,VMS_3,,Unchecked,0.0
1321,laufenberg,left,1321_20231117_141734.bag,videos_2,20231117,14:17:58,2874977432,guilherme,1321,2,2023-11-17 14:17:00,2:22 PM,15.17,81.0,3.98,4.15,4.06,4.09,1.68,1.38,1.8,1.56,195.0,31.0,2.1,2.28,2.1,2.34,,3.38,3.29,4.21,4.29,05:43:22,,Unchecked,Unchecked,0.0,Unchecked,Unchecked,Normal,VMS_1,,Unchecked,0.0
1391,laufenberg,left,1391_20231117_173355.bag,videos_2,20231117,17:34:08,1605255134,guilherme,1391,1,2023-11-17 17:32:00,5:40 PM,9.71,256.0,3.92,3.88,3.8,3.87,1.26,0.96,1.32,1.26,291.0,,1.44,2.1,1.74,1.86,,2.8,2.24,2.35,2.32,08:19:54,,Unchecked,Unchecked,0.0,Unchecked,Unchecked,Normal,VMS_4,,Unchecked,0.0
1398,laufenberg,left,1398_20231117_174158.bag,videos_2,20231117,17:42:16,2176229557,guilherme,1398,1,2023-11-17 17:41:00,5:48 PM,16.46,257.0,4.26,4.28,4.27,4.21,1.08,1.44,0.96,1.26,301.0,,1.86,1.26,1.8,1.68,,4.07,4.48,3.79,4.12,12:12:39,,Unchecked,Unchecked,0.0,Unchecked,Unchecked,Normal,VMS_4,,Unchecked,0.0
1501,laufenberg,left,1501_20231117_173317.bag,videos_2,20231117,17:33:32,1613240836,guilherme,1501,1,2023-11-17 17:30:00,5:40 PM,16.75,21.0,4.83,4.94,4.83,5.04,1.14,1.14,1.32,0.96,294.0,,1.74,1.8,1.38,1.44,,4.06,4.77,4.06,3.86,11:35:57,,Unchecked,Unchecked,0.0,Unchecked,Unchecked,Normal,VMS_3,,Unchecked,0.0
723,laufenberg,left,723_20231117_175039.bag,videos_2,20231117,17:50:54,1788923592,guilherme,723,5,2023-11-17 17:50:00,5:55 PM,12.03,35.0,4.06,4.08,4.07,3.74,1.74,1.92,1.74,1.74,148.0,,2.46,2.28,2.22,2.22,,2.85,3.1,3.04,3.04,08:43:03,,Unchecked,Unchecked,0.0,Unchecked,Unchecked,Normal,VMS_4,,Unchecked,0.0
729,laufenberg,left,729_20231117_112927.bag,videos_2,20231117,11:29:44,1984574488,guilherme,729,5,2023-11-17 11:28:00,11:40 AM,26.79,170.0,5.04,5.1,5.13,5.09,1.08,1.08,1.2,1.2,448.0,45.0,1.44,1.74,1.68,1.5,,6.45,5.97,7.62,6.75,10:27:56,,Unchecked,Unchecked,0.0,Unchecked,Unchecked,Normal,VMS_1,,Unchecked,0.0
736,laufenberg,left,736_20231117_152813.bag,videos_2,20231117,15:28:38,3003974335,guilherme,736,5,2023-11-17 15:28:00,3:38 PM,22.87,253.0,5.05,4.74,5.25,4.87,0.84,1.02,0.96,1.02,422.0,25.0,1.26,1.32,1.44,1.14,,4.26,6.45,5.66,6.5,13:08:16,,Unchecked,Unchecked,0.0,Unchecked,Unchecked,Normal,VMS_2,,Unchecked,0.0
738,laufenberg,left,738_20231117_104922.bag,videos_2,20231117,10:52:46,22522758655,guilherme,738,5,2023-11-17 10:49:00,10:58 AM,13.66,293.0,5.04,5.03,5.13,4.76,1.92,0.48,1.68,2.46,231.0,125.0,1.02,2.34,3.18,2.52,,3.5,0.55,2.55,7.06,10:52:03,,Unchecked,Unchecked,0.0,Unchecked,Unchecked,Normal,VMS_1,,Unchecked,0.0
778,laufenberg,left,778_20231117_140227.bag,videos_2,20231117,14:02:50,2623424255,guilherme,778,5,2023-11-17 14:02:00,2:09 PM,13.87,54.0,,4.4,4.51,4.73,,1.8,1.5,0.96,308.0,157.0,2.34,1.98,1.32,,,,5.64,4.1,4.13,05:55:52,,Unchecked,Unchecked,0.0,Unchecked,Unchecked,Normal,VMS_2,,Unchecked,0.0
785,laufenberg,left,785_20231117_125124.bag,videos_2,20231117,12:52:10,3899807561,guilherme,785,5,2023-11-17 12:51:00,1:01 PM,21.77,36.0,3.85,3.82,3.79,3.76,0.84,0.84,0.9,1.14,456.0,48.0,1.2,1.32,1.62,1.26,,4.58,5.55,5.63,6.01,10:47:35,,Unchecked,Unchecked,0.0,Unchecked,Unchecked,Normal,VMS_1,,Unchecked,0.0
807,laufenberg,left,807_20231117_175347.bag,videos_2,20231117,17:54:32,3891234407,guilherme,807,5,2023-11-17 17:53:00,6:03 PM,20.59,84.0,4.31,4.35,4.27,4.42,1.38,1.5,0.78,1.2,463.0,200.0,2.1,1.14,1.56,1.8,,4.61,7.19,5.27,3.52,09:26:16,,Unchecked,Unchecked,0.0,Unchecked,Unchecked,Normal,VMS_1,,Unchecked,0.0
808,laufenberg,left,808_20231117_173436.bag,videos_2,20231117,17:35:00,2216033154,guilherme,808,5,2023-11-17 17:33:00,5:44 PM,22.5,29.0,4.38,4.35,4.34,4.42,0.84,1.2,0.6,1.26,458.0,20.0,1.68,0.9,1.74,1.32,,4.86,6.84,3.48,7.32,08:41:01,,Unchecked,Unchecked,0.0,Unchecked,Unchecked,Normal,VMS_1,,Unchecked,0.0
837,laufenberg,left,837_20231117_165123.bag,videos_2,20231117,16:51:50,3083835871,guilherme,837,4,2023-11-17 16:50:00,4:58 PM,19.86,254.0,4.38,4.33,,4.13,1.62,1.26,,1.8,323.0,11.0,1.62,,2.4,2.16,,6.75,5.6,,7.51,10:39:36,,Unchecked,Unchecked,0.0,Unchecked,Unchecked,Normal,VMS_2,,Unchecked,0.0
842,laufenberg,left,842_20231117_174638.bag,videos_2,20231117,17:46:54,1695862294,guilherme,842,4,2023-11-17 17:46:00,5:52 PM,17.77,219.0,,4.28,4.34,4.16,,2.52,1.86,2.1,247.0,162.0,3.3,2.46,2.7,,,,6.25,4.19,7.33,09:04:45,,Unchecked,Unchecked,0.0,Unchecked,Unchecked,Normal,VMS_1,,Unchecked,0.0
856,laufenberg,left,856_20231117_152520.bag,videos_2,20231117,15:25:36,1875540319,guilherme,856,4,2023-11-17 15:24:00,3:32 PM,19.54,120.0,3.98,4.08,4.07,4.29,1.2,1.56,1.5,1.32,315.0,402.0,2.16,2.34,1.92,1.62,,4.81,5.93,4.54,4.26,07:38:55,,Unchecked,Unchecked,0.0,Unchecked,Unchecked,Normal,VMS_1,,Unchecked,0.0
861,laufenberg,left,861_20231117_122436.bag,videos_2,20231117,12:24:58,2470477934,guilherme,861,4,2023-11-17 12:24:00,12:32 PM,18.78,162.0,4.25,4.29,4.79,4.36,1.2,1.38,1.2,1.62,326.0,57.0,1.98,1.62,2.16,1.68,,3.1,5.27,5.31,5.1,09:43:08,,Unchecked,Unchecked,0.0,Unchecked,Unchecked,Normal,VMS_1,,Unchecked,0.0
868,laufenberg,left,868_20231117_142436.bag,videos_2,20231117,14:25:00,2540177981,guilherme,868,4,2023-11-17 14:24:00,2:29 PM,10.84,60.0,4.25,4.22,4.33,4.16,1.68,1.44,1.5,1.32,171.0,34.0,1.8,2.1,1.86,2.22,,2.77,2.81,2.17,3.09,04:16:23,,Unchecked,Unchecked,0.0,Unchecked,Unchecked,Normal,VMS_1,,Unchecked,0.0
915,laufenberg,left,915_20231117_123346.bag,videos_2,20231117,12:34:26,4795543083,guilherme,915,4,2023-11-17 12:33:00,12:43 PM,21.33,246.0,4.85,4.96,4.93,5.3,1.02,1.62,1.32,1.5,331.0,402.0,2.28,1.62,2.04,1.5,,3.84,6.55,4.36,6.58,10:36:52,,Unchecked,Unchecked,0.0,Unchecked,Unchecked,Normal,VMS_1,,Unchecked,0.0
922,laufenberg,left,922_20231117_141213.bag,videos_2,20231117,14:12:34,2395836032,guilherme,922,4,2023-11-17 14:12:00,2:17 PM,16.26,181.0,4.32,4.46,4.38,4.26,1.74,1.68,1.44,1.68,214.0,11.0,2.22,1.98,2.22,2.34,,4.05,3.78,4.15,4.28,07:53:59,RF,Unchecked,Unchecked,1.0,Checked,Unchecked,Normal,VMS_2,,Unchecked,0.0
924,laufenberg,left,924_20231117_131101.bag,videos_2,20231117,13:11:26,2560142172,guilherme,924,4,2023-11-17 13:10:00,1:19 PM,18.94,88.0,4.18,4.42,4.13,4.16,1.08,1.08,1.32,0.96,408.0,254.0,1.5,1.68,1.38,1.5,,6.05,3.28,6.13,3.48,07:49:30,,Unchecked,Unchecked,0.0,Unchecked,Unchecked,Normal,VMS_1,,Unchecked,0.0
929,laufenberg,left,929_20231117_151607.bag,videos_2,20231117,15:16:24,2084394122,guilherme,929,4,2023-11-17 15:15:00,3:24 PM,20.9,14.0,4.45,4.53,4.85,4.6,1.14,0.9,1.32,1.14,368.0,782.0,1.32,1.86,1.56,1.62,,5.91,4.85,4.64,5.5,09:00:13,LF,Checked,Unchecked,1.0,Unchecked,Unchecked,Normal,VMS_2,,Unchecked,0.0
948,laufenberg,left,948_20231117_135427.bag,videos_2,20231117,13:54:38,1273848501,guilherme,948,3,2023-11-17 13:53:00,2:01 PM,21.49,437.0,,4.73,4.78,4.73,,1.68,1.92,1.62,342.0,11.0,2.1,2.58,2.16,,,,6.54,6.9,8.05,13:51:06,,Unchecked,Unchecked,0.0,Unchecked,Unchecked,Normal,VMS_2,,Unchecked,0.0
975,laufenberg,left,975_20231117_173846.bag,videos_2,20231117,17:39:08,2532818625,guilherme,975,4,2023-11-17 17:38:00,5:48 PM,23.57,147.0,4.52,4.66,4.71,4.6,0.72,1.08,1.14,1.02,480.0,262.0,1.62,1.68,1.56,1.26,,4.39,7.4,4.82,6.96,10:22:15,,Unchecked,Unchecked,0.0,Unchecked,Unchecked,Normal,VMS_2,,Unchecked,0.0
978,laufenberg,left,978_20231117_170827.bag,videos_2,20231117,17:08:44,1864790449,guilherme,978,3,2023-11-17 17:07:00,5:15 PM,13.71,233.0,4.11,4.26,4.18,4.26,0.72,1.02,0.96,0.84,338.0,31.0,1.38,1.32,1.14,1.02,,3.4,3.5,3.22,3.59,07:24:01,,Unchecked,Unchecked,0.0,Unchecked,Unchecked,Normal,VMS_2,,Unchecked,0.0
981,laufenberg,left,981_20231117_133039.bag,videos_2,20231117,13:31:02,2776386344,guilherme,981,4,2023-11-17 13:30:00,1:36 PM,16.06,24.0,4.31,4.19,4.32,4.4,1.62,1.68,1.26,1.44,250.0,11.0,2.16,1.74,1.8,2.1,,4.13,4.23,4.1,3.6,07:25:50,RF,Unchecked,Unchecked,1.0,Checked,Unchecked,Normal,VMS_2,,Unchecked,0.0
1023,laufenberg,left,1023_20231117_124217.bag,videos_3,20231117,12:42:40,2538080096,lab,1023,4,2023-11-17 12:46:00,12:55 PM,16.77,117.0,4.51,4.32,4.38,4.41,1.14,1.14,0.84,1.08,377.0,14.0,1.74,1.2,1.44,1.62,,4.05,4.22,4.22,4.28,07:04:02,,Unchecked,Unchecked,0.0,Unchecked,Unchecked,Normal,VMS_2,,Unchecked,0.0
1061,laufenberg,left,1061_20231117_120831.bag,videos_3,20231117,12:08:56,2831195622,lab,1061,3,2023-11-17 12:10:00,12:20 PM,17.63,284.0,4.71,,4.66,4.54,1.2,,1.62,1.44,334.0,20.0,,2.52,1.92,1.8,,4.82,,5.57,7.24,11:01:04,,Unchecked,Unchecked,0.0,Unchecked,Unchecked,Normal,VMS_2,,Unchecked,0.0
1081,laufenberg,left,1081_20231117_112916.bag,videos_3,20231117,11:29:56,4575010918,lab,1081,3,2023-11-17 11:33:00,11:43 AM,24.61,258.0,4.99,4.79,4.73,4.8,1.26,1.02,1.38,1.26,418.0,237.0,1.38,1.86,1.86,1.86,,5.52,6.38,6.46,6.25,10:45:04,,Unchecked,Unchecked,0.0,Unchecked,Unchecked,Normal,VMS_2,,Unchecked,0.0
1102,laufenberg,left,1102_20231117_114115.bag,videos_3,20231117,11:41:32,1791811749,lab,1102,3,2023-11-17 11:45:00,11:52 AM,22.73,212.0,4.52,4.45,4.66,4.33,1.44,1.32,1.56,1.26,318.0,20.0,1.68,2.16,1.62,1.98,,6.42,5.68,4.92,5.71,11:25:47,,Unchecked,Unchecked,0.0,Unchecked,Unchecked,Normal,VMS_2,,Unchecked,0.0
1198,laufenberg,left,1198_20231117_115055.bag,videos_3,20231117,11:51:26,3406363225,lab,1198,2,2023-11-17 11:54:00,12:01 PM,17.69,309.0,4.31,4.18,4.19,4.13,1.62,1.74,1.02,1.68,250.0,45.0,2.28,1.44,2.16,2.1,,3.1,5.71,3.41,5.47,12:04:31,,Unchecked,Unchecked,0.0,Unchecked,Unchecked,Normal,VMS_2,,Unchecked,0.0
1207,laufenberg,left,1207_20231117_131640.bag,videos_3,20231117,13:17:10,763412914,lab,1207,2,2023-11-17 13:18:00,1:29 PM,14.73,296.0,4.92,5.0,4.92,5.8,1.2,1.14,1.08,0.9,349.0,425.0,1.56,1.5,1.26,1.92,,3.85,4.14,5.04,1.7,09:04:46,,Unchecked,Unchecked,0.0,Unchecked,Unchecked,Normal,VMS_2,,Unchecked,0.0
1245,laufenberg,left,1245_20231117_130459.bag,videos_3,20231117,13:05:34,4000658516,lab,1245,2,2023-11-17 13:08:00,1:16 PM,19.55,267.0,4.64,4.59,4.92,4.67,1.92,1.92,1.5,1.44,290.0,20.0,2.46,2.16,1.98,2.82,,4.36,5.25,3.81,6.13,09:32:29,,Unchecked,Unchecked,0.0,Unchecked,Unchecked,Normal,VMS_2,,Unchecked,0.0
1258,laufenberg,left,1258_20231117_123257.bag,videos_3,20231117,12:34:18,9656435272,lab,1258,2,2023-11-17 12:37:00,12:45 PM,23.08,186.0,3.97,3.99,4.05,4.07,1.62,1.74,1.74,1.86,282.0,14.0,2.28,2.58,2.7,2.16,,5.72,5.5,6.46,5.4,13:46:06,,Unchecked,Unchecked,0.0,Unchecked,Unchecked,Normal,VMS_2,,Unchecked,0.0
1259,laufenberg,left,1259_20231117_125126.bag,videos_3,20231117,12:51:52,2887850461,lab,1259,2,2023-11-17 12:55:00,1:04 PM,21.77,249.0,4.44,4.46,4.52,4.47,1.08,1.14,1.2,0.9,376.0,14.0,1.5,1.74,1.26,1.56,,5.2,5.91,5.65,5.01,10:46:13,,Unchecked,Unchecked,0.0,Unchecked,Unchecked,Normal,VMS_2,,Unchecked,0.0
1274,laufenberg,left,1274_20231117_105454.bag,videos_3,20231121,21:12:50,3491345791,lab,1274,2,2023-11-17 21:10:00,9:17 PM,17.47,104.0,4.18,4.13,4.12,4.12,0.84,1.38,0.84,1.26,318.0,60.0,1.86,1.2,1.68,1.26,,3.23,5.37,3.65,5.22,10:03:41,,Unchecked,Unchecked,0.0,Unchecked,Unchecked,Normal,VMS_2,,Unchecked,0.0
1282,laufenberg,left,1282_20231117_121652.bag,videos_3,20231117,12:17:14,2518137301,lab,1282,2,2023-11-17 12:20:00,12:28 PM,19.22,72.0,4.58,,4.59,4.4,1.56,,1.62,1.8,288.0,42.0,,2.16,2.46,2.1,,5.83,,5.39,8.0,08:57:54,,Unchecked,Unchecked,0.0,Unchecked,Unchecked,Normal,VMS_2,,Unchecked,0.0
1319,laufenberg,left,1319_20231117_122525.bag,videos_3,20231117,12:25:54,3337742803,lab,1319,2,2023-11-17 12:29:00,12:36 PM,16.3,30.0,4.64,4.32,,4.34,1.38,1.98,,1.74,260.0,42.0,2.58,,2.28,1.8,,2.31,7.61,,6.38,10:11:40,,Unchecked,Unchecked,0.0,Unchecked,Unchecked,Normal,VMS_2,,Unchecked,0.0
921,laufenberg,left,921_20231117_104851.bag,videos_3,20231117,10:49:00,913513850,lab,921,4,2023-11-17 10:51:00,10:58 AM,10.76,249.0,4.38,4.65,4.39,4.47,1.02,0.78,1.26,1.38,192.0,148.0,1.32,1.86,1.86,1.44,,2.31,2.01,2.89,3.55,07:48:20,,Unchecked,Unchecked,0.0,Unchecked,Unchecked,Normal,VMS_2,,Unchecked,0.0
962,laufenberg,left,962_20231117_111426.bag,videos_3,20231117,11:14:44,1989201859,lab,962,4,2023-11-17 11:18:00,11:29 AM,23.21,118.0,5.05,5.05,5.6,5.13,0.96,1.14,1.08,0.9,526.0,380.0,1.5,1.5,1.56,1.32,,4.59,7.55,4.17,6.9,09:49:41,,Unchecked,Unchecked,0.0,Unchecked,Unchecked,Normal,VMS_2,,Unchecked,0.0
935,laufenberg,left,935_20231117_115800.bag,videos_3,20231117,11:58:34,3849093180,lab,935,4,2023-11-17 12:02:00,12:09 PM,20.13,91.0,4.58,4.52,,4.54,1.56,1.38,,1.44,334.0,11.0,1.74,,2.04,2.28,,6.95,6.85,,6.33,09:52:17,,Unchecked,Unchecked,0.0,Unchecked,Unchecked,Normal,VMS_2,,Unchecked,0.0
1380,laufenberg,right,1380_20231117_130025.bag,videos_1,20231117,13:01:12,5469666155,maria,1380,1,2023-11-17 12:59:00,1:06 PM,10.81,301.0,4.03,3.84,4.08,4.13,1.32,1.32,1.32,1.2,186.0,,1.68,1.86,1.56,1.62,,2.45,3.39,2.12,2.85,07:16:30,,Unchecked,Unchecked,0.0,Unchecked,Unchecked,Normal,VMS_3,,Unchecked,0.0
1489,laufenberg,right,1489_20231117_165935.bag,videos_1,20231117,17:03:58,20348549877,maria,1489,1,2023-11-17 16:57:00,5:05 PM,13.46,8.0,3.99,4.08,4.07,3.8,1.56,1.14,1.56,1.26,229.0,,1.8,2.22,1.8,2.04,,3.01,3.57,3.37,3.51,09:45:41,,Unchecked,Unchecked,0.0,Unchecked,Unchecked,Normal,VMS_4,,Unchecked,0.0
1170,laufenberg,left,1170_20231117_170106.bag,videos_2,20231117,17:01:24,2144290019,guilherme,1170,3,2023-11-17 16:59:00,5:07 PM,14.76,14.0,4.45,4.33,4.51,4.33,1.32,1.5,1.68,1.44,253.0,160.0,2.1,2.22,1.8,1.8,,2.6,3.38,3.66,5.12,10:36:59,,Unchecked,Unchecked,0.0,Unchecked,Unchecked,Normal,VMS_2,,Unchecked,0.0
627,laufenberg,left,627_20231117_165940.bag,videos_2,20231117,17:00:22,3723942237,guilherme,627,6,2023-11-17 16:58:00,5:06 PM,21.51,92.0,4.38,4.28,4.34,4.22,1.56,1.98,1.74,1.98,284.0,300.0,2.58,2.28,2.76,2.28,,3.93,6.31,4.69,6.58,09:04:00,,Unchecked,Unchecked,0.0,Unchecked,Unchecked,Normal,VMS_1,,Unchecked,0.0
